train_loss,val_loss,train_acc,val_acc,precision,recall,f1
0.6063132005929946,0.43364387392997744,0.775,0.84,0.4999999975,0.12499999984374999,0.19999999640000002
0.3880038332939148,0.32314432129263876,0.86,0.88,0.6249999992187499,0.6249999992187499,0.6249999942187501
0.2882093244791031,0.25557875633239746,0.89,0.88,0.5714285710204081,0.9999999987499999,0.7272727219834711
0.20171052802354097,0.30893102526664734,0.95,0.86,0.5333333329777777,0.9999999987499999,0.6956521687712666
0.12575826324522496,0.8126977741718292,0.97,0.68,0.3333333331944444,0.9999999987499999,0.4999999959375
0.08402579672634601,0.32248899698257444,0.98,0.88,0.5833333328472222,0.8749999989062499,0.6999999945000001
0.19110425755381585,0.25218844890594483,0.955,0.92,0.666666666111111,0.9999999987499999,0.7999999944
0.08880002457648516,0.21853713631629945,0.965,0.92,0.666666666111111,0.9999999987499999,0.7999999944
0.10727651875466108,0.31254654079675676,0.965,0.84,0.4999999996875,0.9999999987499999,0.6666666616666667
0.057626334484666586,0.2974831408262253,0.985,0.84,0.4999999996875,0.9999999987499999,0.6666666616666667
0.09300996366888285,0.2873617458343506,0.975,0.84,0.4999999996875,0.9999999987499999,0.6666666616666667
